userID,ID,userName,Email,Password,PasswordFlag,Role,Position,Department,PhoneNumber,Created_At,Updated_At
100001,3,Tharun,tharun@gmail.com,$2b$10$k39buQCxaJOXeWzb.x8Dgu14NGsdS0sOmI6VJ8PY7zxNsMlJH9.Ca,0,Admin,HOD,CSE,1234567890,"2025-03-08 14:55:00","2025-03-08 19:53:02"
100002,4,Tamil,tamil@gmail.com,$2b$10$ooqJA.nKOIau60ZA5kwhmuio9OsscdT1um8mgcMTCbMTrDchxFpDe,0,Admin,HOD,ECE,1234567891,"2025-03-08 14:55:00","2025-03-08 19:53:02"
100003,5,Nishar,Nishar@gmail.com,$2b$10$AGt/x5e2sbNb0jj4Dn5/OOlT9ca.t7WlBwxUbXQCJRqIlPx4PwcB2,0,Admin,HOD,EEE,9123345668,"2025-03-08 14:55:00","2025-03-08 19:53:02"
100004,6,Siva,siva@gmail.com,$2b$10$sANgsQT6iY1Q2XnExqr2JeRhqHYolvc1kK/UJAHj1NdSPYVBobO1q,0,Admin,HOD,MECH,1233456677,"2025-03-08 14:55:00","2025-03-08 19:53:02"
100005,7,Balaji,balaji@gmail.com,$2b$10$dmThl6lm8z8AA0wzpbYLyu4.QcToZq842JxBPE7Zvhed2VFPUPjnm,0,Admin,HOD,CIVIL,1233456678,"2025-03-08 14:55:00","2025-03-08 19:53:02"
100006,8,Suriya,suriya@gmail.com,$2b$10$weno5JMDKS7XvLdO99.CbeL5k0rqL02lRDFbDpgLv6WGe8g89AVrW,0,Admin,HOD,LAW,1233456688,"2025-03-08 14:55:00","2025-03-08 19:53:02"
100007,9,Raja,raja@gmail.com,$2b$10$D7uQABB8u2dSANp2g56L3umotg50vTNnuf6KYRZo7gxeqmzqwevyu,0,Admin,HOD,BIOTECH,1233456633,"2025-03-08 14:55:00","2025-03-08 19:53:02"
100008,10,Vendhan,vendhan@gmail.com,$2b$10$u1hmrA0/mimAkjfsK8Zd7eFVD83Nm.3IKAT0feMq.RQ86yTh3Zko6,0,Admin,HOD,IT,1233452266,"2025-03-08 14:55:00","2025-03-08 19:53:02"
100009,11,Tarun,tarun@gmail.com,$2b$10$9Vp8z6pdHKA4fsNpI2MYkOJx8e3L977D3Gx9zHkMlGP30YFIPrcue,0,Admin,Service,IT,1233456666,"2025-03-08 14:55:00","2025-03-08 19:53:02"
100010,12,Tharakesh,tharakesh@gmail.com,$2b$10$YKzRgaGLargFUymNxsOyNek6RPdaER7ylv4MdqQePlh5Zml/jzeuy,0,Admin,Service,Water-Service,1233456666,"2025-03-08 14:55:00","2025-03-08 19:53:02"
100011,13,Ganesh,Ganesh@gmail.com,$2b$10$sqieUoJpgQqP2rgliOxZfeGxzKbC4/HjWzEyXMELTmeariEOLj9pi,0,Admin,Service,Power-Electrical,1233456666,"2025-03-08 14:55:00","2025-03-08 19:53:02"
100012,14,Sriram,Sriram@gmail.com,$2b$10$FZDgDn5LL66HOvEqOEe77OBYUtGSc1UzyTWao.ZhHoRER6.9M1IBS,0,Admin,Service,Ac-Maintenance,1233456666,"2025-03-08 14:55:00","2025-03-08 19:53:02"
100013,15,Rithesh,Rithesh@gmail.com,$2b$10$5NCPa4YPHJKIzWgx82sDoe/p8ZLgcOhHRQKcuVA15rFll2kwL4DDC,0,Admin,Service,Cleaning-Service,1233456666,"2025-03-08 14:55:00","2025-03-08 19:53:02"
100014,16,Mushraf,Mushraf@gmail.com,$2b$10$.1aIhxcjsAbr8d7mpfjSluRn8qPjE2r7CV1QN9z459l40WhdBKkdi,0,Admin,Service,Transport,1233456666,"2025-03-08 14:55:00","2025-03-08 19:53:02"
100015,17,Sunil,Sunil@gmail.com,$2b$10$1/oFJJ1MI2HPCqTOfxivFOCZOzjbqkxQszZi31szI7YQ3CA/bzyVq,0,Admin,Maintenance,NULL,1233456666,"2025-03-08 14:55:00","2025-03-08 19:53:02"
100016,18,Deepak,Deepak@gmail.com,$2b$10$nhF7cMFGpGhYcAk7YXM9HuLlq.n0Cg63x/ee3ENzgBLH5DZ5gXWF6,0,Super-Admin,NULL,NULL,1233456666,"2025-03-08 14:55:00","2025-03-08 19:53:02"
100017,19,Sanjay,Sanjay@gmail.com,$2b$10$2bVC.S2hP1jPGHnt4frQ3Ovc9RctKPvtxf33jCwBaVRJis0FKx0yu,0,Super-Admin,NULL,NULL,1233456666,"2025-03-08 14:55:00","2025-03-08 19:53:02"
100018,20,Karthik,Karthik@gmail.com,$2b$10$Rjxxwb3BlX5CNYi.74C79uBOb9RGB6qeAIkkzIcNgP/GXRVyXBNra,0,Management,NULL,NULL,1233456677,"2025-03-08 14:55:00","2025-03-08 19:53:02"
100019,21,Karan,Karan@gmail.com,$2b$10$cdkoPYvUDtGGSWr3TtAdSOz.Eb3mBNrjBokp1aFaJRdK7RdkrevJ6,0,Management,NULL,NULL,1233455266,"2025-03-08 14:55:00","2025-03-08 19:53:03"
100020,22,Ashwin,Ashwin@gmail.com,$2b$10$zYkjG3m1ZfffI2/siX7sQ.gNY1lxJ1WysZEdrZ02BKYBrfISdAxUa,0,End-User,NULL,CSE,1233453366,"2025-03-08 14:55:00","2025-03-08 19:53:03"
100021,23,Monish,Monish@gmail.com,$2b$10$lLqgfnKPxc4ranOC.Zg3QOC2dAmdeVu04bEmH10rFltAEUKN9rTy.,0,End-User,NULL,ECE,1233455566,"2025-03-08 14:55:00","2025-03-08 19:53:03"
100022,24,Viswa,Viswa@gmail.com,$2b$10$Or0vinCmB4CBJSLLMlYcZOmsDIXfxUWy0rRzNSnCIM7x8.9.N4VpO,0,End-User,NULL,IT,1233456336,"2025-03-08 14:55:00","2025-03-08 19:53:03"
100023,25,Swami,Swami@gmail.com,$2b$10$S.rv5iAY1ht6iQAfZ0JDue27cxSf25CoEQTa2ZDyG3Z6.yO3.4ks.,0,End-User,NULL,CSE,1235534566,"2025-03-08 14:55:00","2025-03-08 19:53:03"
100024,26,Ajith,Ajith@gmail.com,$2b$10$tWMbZ9pP3fn.pPjUA2pXxOSYgszVgK65ethvDW/MYeM7BCL0zK8Wm,0,End-User,NULL,MECH,1772334566,"2025-03-08 14:55:00","2025-03-08 19:53:03"
100025,27,Vijay,Vijay@gmail.com,$2b$10$Zp1VJFpNFA.bnJINkv9iyuZb3zBSkVjZC.TOPmTiOl1qBG7nfwpPi,0,End-User,NULL,EEE,1277334566,"2025-03-08 14:55:00","2025-03-08 19:53:03"
100026,28,Dhanush,Dhanush@gmail.com,$2b$10$9Qph/aXlmNMdQwNXpn/t9uDYC6qI2I.qN8FutPzgKIKXDel0VsFWG,0,End-User,NULL,IT,1992334566,"2025-03-08 14:55:00","2025-03-08 19:53:03"
100027,29,Dhoni,Dhoni@gmail.com,$2b$10$8bP0MbHsx4elmL0tiTm0ru9B3HKtJuMbmdeE2LGWeRPC4jNjknUU2,0,End-User,NULL,ECE,1299334566,"2025-03-08 14:55:00","2025-03-08 19:53:03"
